GAPLENGHT, PREAMBLELENGHT, PAYLOADLENGHT, DATARATE, speed, totalPackets, totalBits, Count, correctCount, correctPercentage, Starttime, Endtime, Duration, Missedframes, correctDataSpeed, correctPayloadSpeed, usefullPayloadSpeed, distance

_24,    24,    256,    0.003,    333,    165,    52800,    154,    108,    70,    1639066243.798145,    1639066424.775403,    180.97726011276245,    153,    190,    147,    135,    5
_24,    24,    256,    0.002,    500,    35000,    11200000,    233,    158,    67,    1639066519.6287072,    1639066699.9551601,    180.3264548778534,    232,    280,    217,    163,    5
_64,    64,    256,    0.002,    500,    35000,    14000000,    207,    126,    60,    1639066868.168114,    1639067048.968653,    180.80054020881653,    206,    278,    172,    149,    5
_24,    24,    256,    0.002,    500,    165,    52800,    239,    183,    76,    1639133665.489897,    1639133846.044715,    180.55482006072998,    238,    324,    251,    182,    100
_24,    24,    512,    0.002,    500,    35000,    20160000,    123,    90,    73,    1639133933.400156,    1639134114.413694,    181.01353883743286,    122,    286,    250,    250,    100
24,    24,    64,    0.002,    500,    35000,    4480000,    644,    574,    89,    1639134166.906564,    1639134346.9443798,    180.0378179550171,    642,    408,    178,    178,    100
24,    24,    128,    0.002,    500,    35000,    6720000,    427,    385,    90,    1639134439.2372952,    1639134619.4045188,    180.16722583770752,    426,    410,    256,    256,    100
24,    24,    256,    0.002,    500,    35000,    11200000,    232,    162,    69,    1639134756.647666,    1639134937.253506,    180.60584211349487,    231,    287,    222,    222,    100
24,    24,    512,    0.002,    500,    35000,    20160000,    125,    87,    69,    1639134969.676637,    1639135149.6865978,    180.0099630355835,    124,    278,    243,    243,    100
24,    24,    1024,    0.002,    500,    35000,    38080000,    52,    0,    0,    1639138278.603022,    1639138458.860456,    180.25743579864502,    51,    0,    0,    0,    100
24,    24,    768,    0.002,    500,    35000,    29120000,    69,    0,    0,    1639138485.488787,    1639138666.628358,    181.1395719051361,    68,    0,    0,    0,    100
24,    24,    256,    0.002,    500,    35000,    11200000,    233,    173,    74,    1639138684.573865,    1639138865.193391,    180.61952805519104,    232,    306,    237,    237,    100
24,    24,    256,    0.01,    100,    35000,    11200000,    54,    51,    94,    1639138980.7991629,    1639139162.363109,    181.56394696235657,    53,    89,    69,    69,    100
24,    24,    256,    0.006,    166,    35000,    11200000,    89,    83,    93,    1639139307.007178,    1639139487.441131,    180.43395495414734,    88,    147,    114,    114,    100
24,    24,    256,    0.004,    250,    35000,    11200000,    116,    90,    77,    1639139576.005255,    1639139757.259922,    181.25466990470886,    115,    158,    123,    123,    100
24,    24,    256,    0.003,    333,    35000,    11200000,    146,    104,    71,    1639139850.0884821,    1639140030.796941,    180.70846104621887,    145,    184,    142,    141,    100
24,    24,    256,    0.002,    500,    35000,    11200000,    229,    160,    69,    1639140085.145611,    1639140266.223574,    181.07796502113342,    228,    282,    219,    219,    100
24,    24,    256,    0.0015,    666,    35000,    11200000,    129,    0,    0,    1639140349.5926988,    1639140531.749863,    182.1571650505066,    128,    0,    0,    0,    100
24,    24,    256,    0.0018,    555,    35000,    11200000,    236,    94,    39,    1639140582.2797382,    1639140762.576767,    180.29702973365784,    235,    166,    129,    129,    100
8,    24,    256,    0.002,    500,    35000,    10640000,    253,    211,    83,    1639140953.1053388,    1639141133.428666,    180.32332801818848,    252,    355,    290,    290,    100
24,    24,    256,    0.002,    500,    35000,    11200000,    251,    215,    85,    1639141332.792447,    1639141512.795546,    180.0031008720398,    250,    382,    296,    296,    100
40,    24,    256,    0.002,    500,    35000,    11760000,    242,    210,    86,    1639141623.161314,    1639141803.727682,    180.56637120246887,    241,    390,    288,    288,    100
24,    8,    256,    0.002,    500,    35000,    10640000,    12,    0,    0,    1639141843.386969,    1639142024.17152,    180.78455305099487,    11,    0,    0,    0,    100
24,    16,    256,    0.002,    500,    35000,    10920000,    259,    234,    90,    1639142086.8053398,    1639142266.999545,    180.19420623779297,    258,    405,    322,    322,    100
24,    24,    256,    0.002,    500,    35000,    11200000,    249,    215,    86,    1639142271.178095,    1639142451.680021,    180.50192785263062,    248,    381,    295,    295,    100
24,    32,    256,    0.002,    500,    35000,    11480000,    250,    202,    80,    1639142456.5343192,    1639142637.6015282,    181.06720995903015,    249,    365,    276,    276,    100
24,    96,    256,    0.002,    500,    35000,    13720000,    222,    162,    72,    1639142642.966094,    1639142823.727861,    180.7617690563202,    221,    351,    222,    222,    100
24,    24,    256,    0.002,    500,    35000,    11200000,    252,    219,    86,    1639143149.1596532,    1639143329.9355898,    180.77593874931335,    251,    387,    300,    300,    75
24,    24,    256,    0.002,    500,    35000,    11200000,    241,    189,    78,    1639143394.821866,    1639143575.236908,    180.41504502296448,    240,    335,    259,    259,    50
24,    24,    256,    0.002,    500,    35000,    11200000,    247,    212,    85,    1639143643.2353642,    1639143823.339856,    180.10449266433716,    246,    376,    291,    291,    25
24,    24,    256,    0.002,    500,    35000,    11200000,    250,    212,    84,    1639143889.33181,    1639144069.915078,    180.58326983451843,    249,    375,    291,    291,    3
24,    24,    256,    0.002,    500,    35000,    11200000,    876,    801,    91,    1639144223.894119,    1639144824.532937,    600.6388199329376,    874,    426,    330,    133,    95
24,    24,    256,    0.002,    500b/s,    35000,    11200000,    828,    732,    88%,    1639483999.860744,    1639484600.154369,    600.2936270236969,    826,    390,    302,    131,    95
24,    24,    256,    0.003,    333b/s,    35000,    11200000,    527,    441,    83%,    1640357311.920438,    1640357912.1306329,    600.2101979255676,    525,    235,    176,    111,    95

24,    24,    256,    0.003,    333b/s,    35000,    11200000,    146,    110,    75%,    1640357947.66659,    1640358127.9485,    180.28191304206848,    145,    195,    146,    146,    95
24,    24,    256,    0.003,    333b/s,    35000,    11200000,    146,    109,    74%,    1640358209.534045,    1640358390.006301,    180.4722580909729,    145,    193,    144,    144,    95
24,    24,    256,    0.003,    333b/s,    35000,    11200000,    163,    139,    85%,    1640358415.59916,    1640358596.017175,    180.41801714897156,    162,    246,    184,    184,    95
24,    24,    256,    0.003,    333b/s,    35000,    11200000,    144,    105,    72%,    1640358626.5003278,    1640358809.281678,    182.78135204315186,    143,    183,    137,    137,    95
24,    24,    256,    0.003,    333b/s,    35000,    11200000,    148,    116,    78%,    1640358988.134635,    1640359169.96091,    181.82627701759338,    147,    204,    153,    153,    95
24,    24,    256,    0.003,    333b/s,    35000,    11200000,    156,    132,    84%,    1640359201.2411678,    1640359382.1032572,    180.86209106445312,    155,    233,    175,    175,    95
24,    24,    256,    0.003,    333b/s,    35000,    11200000,    1081,    932,    86%,    1640359392.770601,    1640360592.997859,    1200.2272591590881,    1077,    248,    186,    66,    95
24,    24,    256,    0.003,    333b/s,    35000,    11200000,    147,    125,    85%,    1640361040.384369,    1640361221.1569102,    180.7725431919098,    146,    221,    165,    165,    95
24,    24,    256,    0.003,    333b/s,    35000,    11200000,    157,    132,    84%,    1640361421.577984,    1640361602.110938,    180.53295469284058,    156,    233,    175,    175,    95
24,    24,    256,    0.003,    333b/s,    35000,    11200000,    158,    134,    84%,    1640361627.650523,    1640361808.0759292,    180.42540788650513,    157,    237,    178,    178,    95
24,    24,    256,    0.003,    333b/s,    35000,    11200000,    155,    135,    87%,    1640362233.964858,    1640362413.9787588,    180.01390290260315,    154,    239,    179,    179,    95
24,    24,    256,    0.003,    333b/s,    35000,    11200000,    3541,    3469,    97%,    1640362429.039365,    1640366029.484235,    3600.444871902466,    3529,    308,    231,    22,    95
24,    24,    256,    0.003,    333b/s,    35000,    11200000,    3608,    3556,    98%,    1640368462.535712,    1640372062.5610209,    3600.0253109931946,    3596,    316,    237,    22,    95
24,    24,    256,    0.002,    500b/s,    35000,    11200000,    850,    774,    91%,    1640713727.191998,    1640716436.568295,    2709.376298904419,    841,    91,    68,    29,    95
24,    24,    256,    0.002,    500b/s,    35000,    11200000,    1771,    1713,    96%,    1640717770.663508,    1640719570.886268,    1800.2227621078491,    1765,    304,    228,    44,    95






24,    24,    256,    0.003,    333b/s,    35000,    11200000,    5,    0,    0%,    1641485851.595781,    1641485862.184962,    10.58918309211731,    4,    0,    0,    0,    95
24,    24,    256,    0.003,    333b/s,    35000,    11200000,    6,    2,    33%,    1641485862.185312,    1641485872.637244,    10.451933860778809,    5,    61,    45,    45,    95
24,    24,    256,    0.003,    333b/s,    35000,    11200000,    154,    129,    83%,    1641486083.4199739,    1641486266.720902,    183.30093002319336,    153,    225,    168,    167,    95
24,    24,    256,    0.003,    333b/s,    35000,    11200000,    157,    130,    82%,    1641486266.721185,    1641486447.7627048,    181.04152297973633,    156,    229,    172,    172,    95
24,    24,    256,    0.003,    333b/s,    35000,    11200000,    163,    145,    88%,    1641486447.763049,    1641486627.8702168,    180.10717010498047,    162,    257,    193,    193,    95
24,    24,    256,    0.003,    333b/s,    35000,    11200000,    160,    143,    89%,    1641486627.8704598,    1641486808.776768,    180.90630912780762,    159,    252,    189,    189,    95
24,    24,    256,    0.003,    333b/s,    35000,    11200000,    176,    164,    93%,    1641486808.77884,    1641486989.474304,    180.69546604156494,    175,    290,    217,    217,    95
24,    24,    256,    0.003,    333b/s,    35000,    11200000,    154,    137,    88%,    1641486989.474711,    1641487170.3276439,    180.852933883667,    153,    242,    181,    181,    95
24,    24,    256,    0.003,    333b/s,    35000,    11200000,    151,    122,    80%,    1641487170.329921,    1641487351.1234581,    180.7935380935669,    150,    215,    161,    161,    95
24,    24,    256,    0.003,    333b/s,    35000,    11200000,    171,    160,    93%,    1641487351.125661,    1641487531.943968,    180.8183090686798,    170,    283,    212,    212,    95
24,    24,    256,    0.003,    333b/s,    35000,    11200000,    158,    131,    82%,    1641487531.945974,    1641487712.375469,    180.4294970035553,    157,    232,    174,    174,    95
24,    24,    256,    0.003,    333b/s,    35000,    11200000,    144,    122,    84%,    1641487712.37571,    1641487894.670039,    182.29433012008667,    143,    214,    160,    160,    95





24,    24,    32,    0.003,    333b/s,    35000,    3360000,    257,    235,    91%,    1641488972.086865,    1641489062.756441,    90.66957783699036,    256,    248,    41,    41,    95
24,    24,    64,    0.003,    333b/s,    35000,    4480000,    213,    200,    93%,    1641489062.7570229,    1641489153.205589,    90.4485731124878,    212,    283,    106,    106,    95
24,    24,    96,    0.003,    333b/s,    35000,    5600000,    166,    151,    90%,    1641489153.2060852,    1641489243.795834,    90.58974957466125,    165,    266,    133,    133,    95
24,    24,    128,    0.003,    333b/s,    35000,    6720000,    136,    122,    89%,    1641489243.797992,    1641489335.750206,    91.95221590995789,    135,    254,    148,    148,    95
24,    24,    160,    0.003,    333b/s,    35000,    7840000,    104,    78,    75%,    1641489335.7504792,    1641489426.525014,    90.77453780174255,    103,    192,    123,    122,    95
24,    24,    192,    0.003,    333b/s,    35000,    8960000,    99,    82,    82%,    1641489426.525454,    1641489518.372867,    91.84741401672363,    98,    228,    157,    155,    95
24,    24,    224,    0.003,    333b/s,    35000,    10080000,    81,    61,    75%,    1641489518.37509,    1641489609.3729658,    90.99787902832031,    80,    193,    139,    139,    95
24,    24,    256,    0.003,    333b/s,    35000,    11200000,    79,    64,    81%,    1641489609.375024,    1641489700.3483388,    90.97331690788269,    78,    225,    168,    168,    95
24,    24,    288,    0.003,    333b/s,    35000,    12320000,    78,    71,    91%,    1641489700.350374,    1641489794.174474,    93.82410216331482,    77,    266,    205,    205,    95
24,    24,    320,    0.003,    333b/s,    35000,    13440000,    64,    49,    76%,    1641489794.1766741,    1641489885.133523,    90.95685076713562,    63,    206,    163,    163,    95
24,    24,    352,    0.003,    333b/s,    35000,    14560000,    56,    39,    69%,    1641489885.1337621,    1641489976.158087,    91.02432584762573,    55,    178,    143,    143,    95
24,    24,    384,    0.003,    333b/s,    35000,    15680000,    48,    39,    81%,    1641489976.160386,    1641490070.873091,    94.71270704269409,    47,    184,    151,    151,    95
24,    24,    416,    0.003,    333b/s,    35000,    16800000,    52,    40,    76%,    1641490070.875106,    1641490163.536203,    92.66109991073608,    51,    207,    172,    172,    95
24,    24,    448,    0.003,    333b/s,    35000,    17920000,    40,    30,    75%,    1641490163.538333,    1641490254.0691001,    90.53077006340027,    39,    169,    143,    143,    95
24,    24,    480,    0.003,    333b/s,    35000,    19040000,    40,    23,    57%,    1641490254.069359,    1641490345.73271,    91.66335391998291,    39,    136,    116,    116,    95
24,    24,    512,    0.003,    333b/s,    35000,    20160000,    35,    21,    60%,    1641490345.734741,    1641490441.87301,    96.13827109336853,    34,    125,    108,    108,    95
24,    24,    544,    0.003,    333b/s,    35000,    21280000,    40,    25,    62%,    1641490441.8750982,    1641490534.474339,    92.59924292564392,    39,    164,    142,    142,    95
24,    24,    576,    0.003,    333b/s,    35000,    22400000,    34,    21,    61%,    1641490534.4745831,    1641490626.28944,    91.81485891342163,    33,    146,    128,    128,    95
24,    24,    608,    0.003,    333b/s,    35000,    23520000,    38,    26,    68%,    1641490626.291491,    1641490716.306658,    90.01517009735107,    37,    194,    170,    170,    95
24,    24,    640,    0.003,    333b/s,    35000,    24640000,    26,    13,    50%,    1641490716.308874,    1641490806.3440409,    90.03516912460327,    25,    101,    90,    90,    95
24,    24,    672,    0.003,    333b/s,    35000,    25760000,    32,    19,    59%,    1641490806.34605,    1641490900.637058,    94.29101014137268,    31,    148,    132,    132,    95
24,    24,    704,    0.003,    333b/s,    35000,    26880000,    33,    23,    69%,    1641490900.639101,    1641490996.711773,    96.07267498970032,    32,    183,    164,    164,    95
24,    24,    736,    0.003,    333b/s,    35000,    28000000,    24,    7,    29%,    1641490996.7137961,    1641491089.678032,    92.96423768997192,    23,    60,    54,    54,    95
24,    24,    768,    0.003,    333b/s,    35000,    29120000,    25,    14,    56%,    1641491089.680066,    1641491187.72677,    98.04670596122742,    24,    118,    107,    107,    95
24,    24,    832,    0.003,    333b/s,    35000,    31360000,    20,    3,    15%,    1641491187.727036,    1641491279.853153,    92.12612009048462,    19,    29,    26,    26,    95
24,    24,    896,    0.003,    333b/s,    35000,    33600000,    19,    7,    36%,    1641491279.853587,    1641491371.811533,    91.95794820785522,    18,    73,    66,    66,    95
24,    24,    960,    0.003,    333b/s,    35000,    35840000,    22,    8,    36%,    1641491371.811816,    1641491464.881289,    93.06947493553162,    21,    88,    81,    81,    95
24,    24,    1024,    0.003,    333b/s,    35000,    38080000,    23,    12,    52%,    1641491464.8830562,    1641491555.7407901,    90.85773587226868,    22,    143,    133,    133,    95
24,    24,    1088,    0.003,    333b/s,    35000,    40320000,    14,    13,    92%,    1641491555.7410188,    1641491651.609132,    95.86811423301697,    13,    156,    145,    145,    95



24,    24,    32,    0.003,    333b/s,    35000,    3360000,    943,    929,    98%,    1641492233.577343,    1641492533.662001,    300.0846600532532,    939,    297,    49,    17,    95
24,    24,    64,    0.003,    333b/s,    35000,    4480000,    775,    768,    99%,    1641492533.662344,    1641492834.042736,    300.3803939819336,    772,    327,    122,    122,    95
24,    24,    96,    0.003,    333b/s,    35000,    5600000,    606,    602,    99%,    1641492834.043047,    1641493139.51443,    305.47138500213623,    604,    315,    157,    157,    95
24,    24,    128,    0.003,    333b/s,    35000,    6720000,    461,    453,    98%,    1641493139.514653,    1641493444.9734242,    305.458771944046,    459,    284,    166,    166,    95
24,    24,    160,    0.003,    333b/s,    35000,    7840000,    358,    354,    98%,    1641493444.9754229,    1641493748.511631,    303.53621006011963,    356,    261,    167,    167,    95
24,    24,    192,    0.003,    333b/s,    35000,    8960000,    372,    368,    98%,    1641493748.51187,    1641494049.5732381,    301.0613691806793,    370,    312,    215,    215,    95
24,    24,    224,    0.003,    333b/s,    35000,    10080000,    331,    326,    98%,    1641494049.5734668,    1641494350.0425549,    300.4690890312195,    329,    312,    225,    225,    95
24,    24,    256,    0.003,    333b/s,    35000,    11200000,    300,    293,    97%,    1641494350.04278,    1641494652.28318,    302.2404022216797,    299,    310,    232,    232,    95
24,    24,    288,    0.003,    333b/s,    35000,    12320000,    274,    267,    97%,    1641494652.283412,    1641494953.400906,    301.11749601364136,    273,    312,    241,    241,    95
24,    24,    320,    0.003,    333b/s,    35000,    13440000,    243,    234,    96%,    1641494953.401132,    1641495254.167913,    300.7667818069458,    242,    298,    236,    236,    95
24,    24,    352,    0.003,    333b/s,    35000,    14560000,    216,    208,    96%,    1641495254.1681979,    1641495554.444659,    300.2764620780945,    215,    288,    232,    232,    95
24,    24,    320,    0.003,    333b/s,    35000,    13440000,    251,    244,    97%,    1641499484.5194502,    1641499785.288449,    300.7690007686615,    250,    311,    246,    246,    95
24,    24,    352,    0.003,    333b/s,    35000,    14560000,    234,    231,    98%,    1641499785.288682,    1641500086.033419,    300.74473810195923,    233,    319,    258,    258,    95
24,    24,    384,    0.003,    333b/s,    35000,    15680000,    214,    211,    98%,    1641500086.0354419,    1641500387.065067,    301.02962613105774,    213,    314,    257,    257,    95
24,    24,    416,    0.003,    333b/s,    35000,    16800000,    208,    207,    99%,    1641500387.065262,    1641500687.986207,    300.92094588279724,    207,    330,    275,    275,    95
24,    24,    448,    0.003,    333b/s,    35000,    17920000,    193,    190,    98%,    1641500687.9864352,    1641500989.0101068,    301.0236737728119,    192,    323,    272,    272,    95
24,    24,    480,    0.003,    333b/s,    35000,    19040000,    179,    175,    97%,    1641500989.0103402,    1641501289.259253,    300.24891471862793,    178,    317,    270,    270,    95
24,    24,    512,    0.003,    333b/s,    35000,    20160000,    163,    159,    97%,    1641501289.2595332,    1641501589.893667,    300.6341359615326,    162,    304,    262,    262,    95
24,    24,    544,    0.003,    333b/s,    35000,    21280000,    162,    160,    98%,    1641501589.893947,    1641501890.810721,    300.916775226593,    161,    323,    280,    280,    95
24,    24,    576,    0.003,    333b/s,    35000,    22400000,    141,    137,    97%,    1641501890.8173141,    1641502192.215168,    301.3978548049927,    140,    290,    254,    254,    95
24,    24,    608,    0.003,    333b/s,    35000,    23520000,    141,    139,    98%,    1641502192.21535,    1641502492.554728,    300.33937907218933,    140,    311,    273,    273,    95
24,    24,    640,    0.003,    333b/s,    35000,    24640000,    141,    138,    97%,    1641502492.554952,    1641502794.528498,    301.9735481739044,    140,    321,    285,    285,    95
24,    24,    672,    0.003,    333b/s,    35000,    25760000,    125,    120,    96%,    1641502794.5287209,    1641503094.77387,    300.2451512813568,    124,    294,    262,    262,    95
24,    24,    704,    0.003,    333b/s,    35000,    26880000,    128,    125,    97%,    1641503094.774101,    1641503396.555081,    301.7809820175171,    127,    318,    284,    284,    95
24,    24,    736,    0.003,    333b/s,    35000,    28000000,    107,    101,    94%,    1641503396.5553238,    1641503698.913811,    302.35848903656006,    106,    267,    240,    240,    95
24,    24,    768,    0.003,    333b/s,    35000,    29120000,    107,    103,    96%,    1641503698.9140348,    1641504000.981795,    302.06776118278503,    106,    283,    256,    256,    95
24,    24,    832,    0.003,    333b/s,    35000,    31360000,    96,    92,    95%,    1641504000.982023,    1641504302.08729,    301.1052689552307,    95,    273,    249,    249,    95
24,    24,    896,    0.003,    333b/s,    35000,    33600000,    93,    89,    95%,    1641504302.0875149,    1641504604.53617,    302.44865703582764,    92,    282,    258,    258,    95
24,    24,    960,    0.003,    333b/s,    35000,    35840000,    97,    95,    97%,    1641504604.5438662,    1641504905.6376069,    301.0937418937683,    96,    323,    297,    297,    95
24,    24,    1024,    0.003,    333b/s,    35000,    38080000,    58,    48,    82%,    1641504905.637835,    1641505206.157351,    300.51951694488525,    57,    173,    161,    161,    95
24,    24,    1088,    0.003,    333b/s,    35000,    40320000,    68,    62,    91%,    1641505206.1575758,    1641505506.967934,    300.81035923957825,    67,    237,    220,    220,    95
24,    24,    256,    0.003,    333b/s,    35000,    11200000,    32,    31,    96%,    1641505506.9681668,    1641505537.694368,    30.726202249526978,    31,    322,    242,    242,    95
24,    24,    256,    0.003,    333b/s,    35000,    11200000,    63,    62,    98%,    1641505537.694576,    1641505598.189091,    60.494516134262085,    62,    327,    245,    245,    95
24,    24,    256,    0.003,    333b/s,    35000,    11200000,    78,    74,    94%,    1641505598.1900082,    1641505688.447835,    90.25782871246338,    77,    262,    196,    196,    95
24,    24,    256,    0.003,    333b/s,    35000,    11200000,    120,    117,    97%,    1641505688.4480488,    1641505808.478802,    120.03075408935547,    119,    311,    233,    233,    95
24,    24,    256,    0.003,    333b/s,    35000,    11200000,    140,    139,    99%,    1641505808.479025,    1641505959.2322261,    150.75320315361023,    139,    295,    221,    221,    95
24,    24,    256,    0.003,    333b/s,    35000,    11200000,    187,    185,    98%,    1641505959.235701,    1641506139.7537951,    180.5180959701538,    186,    327,    245,    245,    95
24,    24,    256,    0.003,    333b/s,    35000,    11200000,    289,    286,    98%,    1641506139.7559118,    1641506440.543912,    300.78800106048584,    288,    304,    228,    228,    95
24,    24,    256,    0.003,    333b/s,    35000,    11200000,    442,    435,    98%,    1641506440.54411,    1641506890.645868,    450.1017589569092,    440,    309,    231,    231,    95
24,    24,    256,    0.003,    333b/s,    35000,    11200000,    608,    606,    99%,    1641506890.646192,    1641507490.7844071,    600.1382169723511,    606,    323,    242,    242,    95
24,    24,    256,    0.003,    333b/s,    35000,    11200000,    1137,    1119,    98%,    1641507490.7847428,    1641508691.0616162,    1200.2768740653992,    1133,    298,    223,    223,    95
24,    24,    256,    0.003,    333b/s,    35000,    11200000,    3,    0,    0%,    1641508691.0636559,    1641508722.414477,    31.35082221031189,    2,    0,    0,    0,    95
24,    24,    256,    0.003,    333b/s,    35000,    11200000,    52,    52,    100%,    1641508722.414677,    1641508788.282475,    65.86780023574829,    51,    252,    189,    189,    95
24,    24,    256,    0.003,    333b/s,    35000,    11200000,    83,    81,    97%,    1641508788.28267,    1641508878.308154,    90.02548480033875,    82,    287,    215,    215,    95
24,    24,    256,    0.003,    333b/s,    35000,    11200000,    120,    120,    100%,    1641508878.308386,    1641508999.293333,    120.98494791984558,    119,    317,    238,    236,    95
24,    24,    256,    0.003,    333b/s,    35000,    11200000,    153,    148,    96%,    1641508999.297468,    1641509150.051031,    150.7535650730133,    152,    314,    235,    235,    95
24,    24,    256,    0.003,    333b/s,    35000,    11200000,    182,    182,    100%,    1641509150.051272,    1641509332.4934132,    182.44214296340942,    181,    319,    239,    238,    95
24,    24,    256,    0.003,    333b/s,    35000,    11200000,    303,    302,    99%,    1641509332.493666,    1641509636.3998332,    303.9061689376831,    302,    317,    238,    238,    95
24,    24,    256,    0.003,    333b/s,    35000,    11200000,    451,    449,    99%,    1641509636.400121,    1641510086.7472541,    450.3471350669861,    449,    319,    239,    239,    95
24,    24,    256,    0.003,    333b/s,    35000,    11200000,    600,    592,    98%,    1641510086.747452,    1641510687.371003,    600.6235518455505,    598,    315,    236,    236,    95
24,    24,    256,    0.003,    333b/s,    35000,    11200000,    1156,    1139,    98%,    1641510687.3730948,    1641511892.02978,    1204.656687259674,    1152,    302,    226,    226,    95
24,    24,    256,    0.003,    333b/s,    35000,    11200000,    29,    27,    93%,    1641511892.030067,    1641511922.203032,    30.172967195510864,    28,    286,    214,    214,    95
24,    24,    256,    0.003,    333b/s,    35000,    11200000,    58,    58,    100%,    1641511922.203258,    1641511982.697493,    60.49423694610596,    57,    306,    230,    230,    95
24,    24,    256,    0.003,    333b/s,    35000,    11200000,    93,    91,    97%,    1641511982.697705,    1641512072.956249,    90.25854516029358,    92,    322,    241,    241,    95
24,    24,    256,    0.003,    333b/s,    35000,    11200000,    109,    108,    99%,    1641512072.9564512,    1641512193.536194,    120.57974481582642,    108,    286,    214,    214,    95
24,    24,    256,    0.003,    333b/s,    35000,    11200000,    154,    151,    98%,    1641512193.5364711,    1641512343.7406561,    150.20418667793274,    153,    321,    241,    241,    95
24,    24,    256,    0.003,    333b/s,    35000,    11200000,    166,    164,    98%,    1641512343.747158,    1641512524.262217,    180.51505994796753,    165,    290,    218,    218,    95
24,    24,    256,    0.003,    333b/s,    35000,    11200000,    284,    281,    98%,    1641512524.2624562,    1641512825.359602,    301.0971477031708,    283,    298,    223,    223,    95
24,    24,    256,    0.003,    333b/s,    35000,    11200000,    435,    432,    99%,    1641512825.359824,    1641513275.70663,    450.34680795669556,    433,    306,    230,    230,    95
24,    24,    256,    0.003,    333b/s,    35000,    11200000,    589,    583,    98%,    1641513275.706906,    1641513875.84153,    600.1346247196198,    587,    310,    233,    233,    95
24,    24,    256,    0.003,    333b/s,    35000,    11200000,    1223,    1213,    99%,    1641513875.841818,    1641515076.528091,    1200.6862738132477,    1219,    323,    242,    242,    95
24,    24,    256,    0.003,    333b/s,    35000,    11200000,    32,    31,    96%,    1641515076.534625,    1641515107.258443,    30.723819971084595,    31,    322,    242,    242,    95
24,    24,    256,    0.003,    333b/s,    35000,    11200000,    57,    57,    100%,    1641515107.25866,    1641515167.753224,    60.49456477165222,    56,    301,    226,    226,    95
24,    24,    256,    0.003,    333b/s,    35000,    11200000,    94,    93,    98%,    1641515167.753458,    1641515258.011957,    90.25850105285645,    93,    329,    247,    247,    95
24,    24,    256,    0.003,    333b/s,    35000,    11200000,    110,    108,    98%,    1641515258.012186,    1641515379.0012999,    120.98911595344543,    109,    285,    214,    212,    95
24,    24,    256,    0.003,    333b/s,    35000,    11200000,    156,    154,    98%,    1641515379.0075788,    1641515529.7549021,    150.74732518196106,    155,    326,    245,    245,    95
24,    24,    256,    0.003,    333b/s,    35000,    11200000,    172,    172,    100%,    1641515529.7551382,    1641515710.276284,    180.521146774292,    171,    304,    228,    228,    95
24,    24,    256,    0.003,    333b/s,    35000,    11200000,    296,    295,    99%,    1641515710.276542,    1641516010.8306172,    300.5540761947632,    295,    314,    235,    235,    95
24,    24,    256,    0.003,    333b/s,    35000,    11200000,    450,    447,    99%,    1641516010.830841,    1641516461.16841,    450.33756971359253,    448,    317,    238,    238,    95
24,    24,    256,    0.003,    333b/s,    35000,    11200000,    620,    615,    99%,    1641516461.168652,    1641517061.303485,    600.1348350048065,    618,    327,    245,    245,    95
24,    24,    256,    0.003,    333b/s,    35000,    11200000,    1141,    1123,    98%,    1641517061.30373,    1641518266.211785,    1204.908056974411,    1137,    298,    223,    223,    95
24,    24,    256,    0.003,    333b/s,    35000,    11200000,    24,    23,    95%,    1641518266.21408,    1641518297.110236,    30.89615774154663,    23,    238,    178,    178,    95
24,    24,    256,    0.003,    333b/s,    35000,    11200000,    49,    49,    100%,    1641518297.110462,    1641518357.604943,    60.49448204040527,    48,    259,    194,    194,    95
24,    24,    256,    0.003,    333b/s,    35000,    11200000,    93,    91,    97%,    1641518357.6051798,    1641518447.8677619,    90.26258325576782,    92,    322,    241,    241,    95
24,    24,    256,    0.003,    333b/s,    35000,    11200000,    108,    105,    97%,    1641518447.868004,    1641518567.8946838,    120.02668190002441,    107,    279,    209,    209,    95
24,    24,    256,    0.003,    333b/s,    35000,    11200000,    157,    156,    99%,    1641518567.894884,    1641518718.648061,    150.75317883491516,    156,    331,    248,    248,    95
24,    24,    256,    0.003,    333b/s,    35000,    11200000,    164,    162,    98%,    1641518718.650676,    1641518898.997382,    180.34670782089233,    163,    287,    215,    215,    95
24,    24,    256,    0.003,    333b/s,    35000,    11200000,    270,    267,    98%,    1641518898.9976509,    1641519199.718218,    300.72056818008423,    269,    284,    213,    213,    95
24,    24,    256,    0.003,    333b/s,    35000,    11200000,    435,    430,    98%,    1641519199.7184541,    1641519649.889378,    450.1709249019623,    433,    305,    229,    229,    95
24,    24,    256,    0.003,    333b/s,    35000,    11200000,    574,    568,    98%,    1641519649.889653,    1641520250.196065,    600.3064131736755,    572,    302,    227,    227,    95
24,    24,    256,    0.003,    333b/s,    35000,    11200000,    1190,    1178,    98%,    1641520250.1963148,    1641521450.296802,    1200.1004893779755,    1186,    314,    235,    235,    95
24,    24,    256,    0.003,    333b/s,    35000,    11200000,    2,    0,    0%,    1641521450.297109,    1641521481.02272,    30.7256121635437,    1,    0,    0,    0,    95
24,    24,    256,    0.003,    333b/s,    35000,    11200000,    2,    0,    0%,    1641521481.023024,    1641521541.517447,    60.49442481994629,    1,    0,    0,    0,    95
24,    24,    256,    0.003,    333b/s,    35000,    11200000,    91,    89,    97%,    1641521541.517663,    1641521631.948521,    90.4308590888977,    90,    314,    236,    236,    95
24,    24,    256,    0.003,    333b/s,    35000,    11200000,    108,    107,    99%,    1641521631.94876,    1641521751.975348,    120.02658987045288,    107,    285,    213,    213,    95
24,    24,    256,    0.003,    333b/s,    35000,    11200000,    140,    138,    98%,    1641521751.975573,    1641521902.736958,    150.76138591766357,    139,    292,    219,    219,    95
24,    24,    256,    0.003,    333b/s,    35000,    11200000,    165,    164,    99%,    1641521902.739037,    1641522083.086286,    180.34725093841553,    164,    290,    218,    218,    95
24,    24,    256,    0.003,    333b/s,    35000,    11200000,    256,    252,    98%,    1641522083.086537,    1641522383.806955,    300.7204191684723,    255,    268,    201,    201,    95
24,    24,    256,    0.003,    333b/s,    35000,    11200000,    455,    453,    99%,    1641522383.807188,    1641522834.146435,    450.3392491340637,    453,    321,    241,    241,    95
24,    24,    256,    0.003,    333b/s,    35000,    11200000,    600,    597,    99%,    1641522834.1466649,    1641523440.112569,    605.9659059047699,    598,    315,    236,    236,    95
24,    24,    256,    0.003,    333b/s,    35000,    11200000,    1157,    1144,    98%,    1641523440.112824,    1641524640.3202639,    1200.2074420452118,    1153,    305,    228,    228,    95
24,    24,    256,    0.003,    333b/s,    35000,    11200000,    32,    31,    96%,    1641524640.320553,    1641524671.046582,    30.726029872894287,    31,    322,    242,    242,    95
24,    24,    256,    0.003,    333b/s,    35000,    11200000,    45,    43,    95%,    1641524671.0467808,    1641524731.549515,    60.50273633003235,    44,    227,    170,    170,    95
24,    24,    256,    0.003,    333b/s,    35000,    11200000,    93,    91,    97%,    1641524731.549736,    1641524821.8123012,    90.26256704330444,    92,    322,    241,    241,    95
24,    24,    256,    0.003,    333b/s,    35000,    11200000,    118,    118,    100%,    1641524821.8125288,    1641524941.83916,    120.02663326263428,    117,    314,    235,    235,    95
24,    24,    256,    0.003,    333b/s,    35000,    11200000,    157,    156,    99%,    1641524941.839376,    1641525092.592562,    150.75318694114685,    156,    331,    248,    248,    95
24,    24,    256,    0.003,    333b/s,    35000,    11200000,    121,    115,    95%,    1641525092.5928588,    1641525275.4692612,    182.8764033317566,    120,    201,    150,    150,    95
24,    24,    256,    0.003,    333b/s,    35000,    11200000,    242,    237,    97%,    1641525275.469506,    1641525576.931034,    301.4615287780762,    241,    251,    188,    188,    95
24,    24,    256,    0.003,    333b/s,    35000,    11200000,    411,    406,    98%,    1641525576.933095,    1641526027.851872,    450.91877794265747,    409,    288,    216,    216,    95
24,    24,    256,    0.003,    333b/s,    35000,    11200000,    555,    547,    98%,    1641526027.852109,    1641526631.828167,    603.9760599136353,    553,    289,    217,    216,    95
24,    24,    256,    0.003,    333b/s,    35000,    11200000,    1218,    1203,    98%,    1641526631.828403,    1641527832.101045,    1200.2726430892944,    1214,    320,    240,    239,    95
24,    24,    256,    0.003,    333b/s,    35000,    11200000,    32,    32,    100%,    1641527832.1013062,    1641527862.827126,    30.725820779800415,    31,    333,    249,    249,    95
24,    24,    256,    0.003,    333b/s,    35000,    11200000,    47,    45,    95%,    1641527862.8273568,    1641527923.3218088,    60.49445414543152,    46,    238,    178,    178,    95
24,    24,    256,    0.003,    333b/s,    35000,    11200000,    93,    91,    97%,    1641527923.322096,    1641528013.580595,    90.25850081443787,    92,    322,    241,    241,    95
24,    24,    256,    0.003,    333b/s,    35000,    11200000,    89,    87,    97%,    1641528013.580808,    1641528135.192199,    121.6113920211792,    88,    228,    171,    171,    95
24,    24,    256,    0.003,    333b/s,    35000,    11200000,    112,    108,    96%,    1641528135.19242,    1641528285.945636,    150.7532172203064,    111,    229,    171,    171,    95
24,    24,    256,    0.003,    333b/s,    35000,    11200000,    167,    165,    98%,    1641528285.945865,    1641528466.8073301,    180.86146712303162,    166,    291,    218,    218,    95
24,    24,    256,    0.003,    333b/s,    35000,    11200000,    275,    270,    98%,    1641528466.810905,    1641528767.355816,    300.5449118614197,    274,    287,    215,    215,    95
24,    24,    256,    0.003,    333b/s,    35000,    11200000,    419,    414,    98%,    1641528767.3560882,    1641529217.3772511,    450.0211639404297,    417,    294,    220,    220,    95
24,    24,    256,    0.003,    333b/s,    35000,    11200000,    505,    495,    98%,    1641529217.379265,    1641529817.847979,    600.4687149524689,    503,    263,    197,    197,    95
24,    24,    256,    0.003,    333b/s,    35000,    11200000,    1184,    1172,    98%,    1641529817.8482182,    1641531023.0618398,    1205.2136237621307,    1180,    311,    233,    233,    95
24,    24,    256,    0.003,    333b/s,    35000,    11200000,    19,    18,    94%,    1641531023.062109,    1641531053.6451561,    30.583048820495605,    18,    188,    141,    141,    95
24,    24,    256,    0.003,    333b/s,    35000,    11200000,    63,    62,    98%,    1641531053.645383,    1641531114.139786,    60.49440407752991,    62,    327,    245,    245,    95
24,    24,    256,    0.003,    333b/s,    35000,    11200000,    93,    91,    97%,    1641531114.139999,    1641531204.398496,    90.2584981918335,    92,    322,    241,    241,    95
24,    24,    256,    0.003,    333b/s,    35000,    11200000,    108,    107,    99%,    1641531204.39872,    1641531324.425371,    120.02665281295776,    107,    285,    213,    213,    95
24,    24,    256,    0.003,    333b/s,    35000,    11200000,    155,    152,    98%,    1641531324.430964,    1641531475.1829371,    150.7519748210907,    154,    322,    241,    241,    95
24,    24,    256,    0.003,    333b/s,    35000,    11200000,    145,    143,    98%,    1641531475.183163,    1641531656.56395,    181.38078808784485,    144,    252,    189,    189,    95
24,    24,    256,    0.003,    333b/s,    35000,    11200000,    215,    207,    96%,    1641531656.564179,    1641531957.112376,    300.548198223114,    214,    220,    165,    165,    95
24,    24,    256,    0.003,    333b/s,    35000,    11200000,    383,    376,    98%,    1641531957.112642,    1641532407.554694,    450.44205379486084,    381,    267,    200,    200,    95
24,    24,    256,    0.003,    333b/s,    35000,    11200000,    585,    579,    98%,    1641532407.555001,    1641533007.701298,    600.1462979316711,    583,    308,    231,    231,    95
24,    24,    256,    0.003,    333b/s,    35000,    11200000,    1136,    1120,    98%,    1641533007.703309,    1641534211.402297,    1203.698989868164,    1132,    297,    223,    223,    95
24,    24,    256,    0.003,    333b/s,    35000,    11200000,    1,    0,    0%,    1641534211.402561,    1641534244.597355,    33.194796085357666,    0,    0,    0,    0,    95
24,    24,    256,    0.003,    333b/s,    35000,    11200000,    35,    34,    97%,    1641534244.597569,    1641534304.9535701,    60.35600209236145,    34,    180,    135,    135,    95
24,    24,    256,    0.003,    333b/s,    35000,    11200000,    85,    83,    97%,    1641534304.9537978,    1641534395.2123678,    90.25857210159302,    84,    294,    220,    220,    95
24,    24,    256,    0.003,    333b/s,    35000,    11200000,    74,    71,    95%,    1641534395.212586,    1641534515.38173,    120.1691460609436,    73,    189,    141,    141,    95
24,    24,    256,    0.003,    333b/s,    35000,    11200000,    141,    137,    97%,    1641534515.3820312,    1641534665.996672,    150.61464285850525,    140,    291,    218,    218,    95
24,    24,    256,    0.003,    333b/s,    35000,    11200000,    186,    183,    98%,    1641534665.996903,    1641534846.518177,    180.52127504348755,    185,    324,    243,    243,    95
24,    24,    256,    0.003,    333b/s,    35000,    11200000,    267,    262,    98%,    1641534846.5209012,    1641535147.0665998,    300.5457007884979,    266,    278,    209,    209,    95
24,    24,    256,    0.003,    333b/s,    35000,    11200000,    450,    447,    99%,    1641535147.066837,    1641535597.410113,    450.3432779312134,    448,    317,    238,    238,    95
24,    24,    256,    0.003,    333b/s,    35000,    11200000,    592,    586,    98%,    1641535597.410395,    1641536197.544411,    600.1340169906616,    590,    312,    234,    234,    95
24,    24,    256,    0.003,    333b/s,    35000,    11200000,    1156,    1149,    99%,    1641536197.544721,    1641537399.121048,    1201.5763292312622,    1152,    305,    229,    229,    95










24,    24,    64,    0.0005,    2000b/s,    35000,    4480000,    1251,    506,    40%,    1641577143.610823,    1641577233.631288,    90.02046728134155,    1250,    719,    269,    265,    95
24,    24,    32,    0.0015,    666b/s,    35000,    3360000,    1210,    1038,    85%,    1641577372.750649,    1641577552.847838,    180.09718990325928,    1208,    553,    92,    92,    95
24,    24,    64,    0.0015,    666b/s,    35000,    4480000,    915,    751,    82%,    1641577552.848076,    1641577732.8745549,    180.02648091316223,    913,    533,    200,    199,    95
24,    24,    128,    0.0015,    666b/s,    35000,    6720000,    602,    481,    79%,    1641577732.8748622,    1641577913.145539,    180.2706778049469,    601,    512,    298,    298,    95
24,    24,    192,    0.0015,    666b/s,    35000,    8960000,    430,    315,    73%,    1641577913.145836,    1641578093.488689,    180.34285378456116,    429,    447,    307,    306,    95
24,    24,    256,    0.0015,    666b/s,    35000,    11200000,    358,    268,    74%,    1641578093.490714,    1641578273.6319659,    180.14125394821167,    357,    476,    357,    357,    95
24,    24,    320,    0.0015,    666b/s,    35000,    13440000,    302,    204,    67%,    1641578273.632206,    1641578454.6068459,    180.97464108467102,    301,    432,    342,    342,    95
24,    24,    384,    0.0015,    666b/s,    35000,    15680000,    257,    163,    63%,    1641578454.6070871,    1641578634.987953,    180.38086676597595,    256,    404,    332,    330,    95
24,    24,    448,    0.0015,    666b/s,    35000,    17920000,    27,    8,    29%,    1641578634.988193,    1641578815.194452,    180.2062599658966,    26,    22,    19,    19,    95
24,    24,    512,    0.0015,    666b/s,    35000,    20160000,    193,    119,    61%,    1641578815.196485,    1641578996.001887,    180.80540299415588,    192,    379,    326,    326,    95
24,    24,    640,    0.0015,    666b/s,    35000,    24640000,    161,    81,    50%,    1641578996.002218,    1641579176.899033,    180.89681601524353,    160,    315,    279,    279,    95
24,    24,    768,    0.0015,    666b/s,    35000,    29120000,    128,    62,    48%,    1641579176.899223,    1641579356.952474,    180.05325174331665,    127,    286,    258,    258,    95
24,    24,    896,    0.0015,    666b/s,    35000,    33600000,    64,    28,    43%,    1641579356.952717,    1641580844.7189581,    1487.7662568092346,    62,    18,    16,    16,    95
24,    24,    1024,    0.0015,    666b/s,    35000,    38080000,    97,    38,    39%,    1641580845.145056,    1641581025.753935,    180.6088798046112,    96,    228,    212,    212,    95
24,    24,    32,    0.0015,    666b/s,    35000,    3360000,    1216,    1061,    87%,    1641581025.754267,    1641581205.782877,    180.02861189842224,    1214,    565,    94,    48,    95
24,    24,    64,    0.0015,    666b/s,    35000,    4480000,    907,    750,    82%,    1641581205.783335,    1641581385.864955,    180.08162093162537,    905,    533,    199,    199,    95
24,    24,    128,    0.0015,    666b/s,    35000,    6720000,    604,    497,    82%,    1641581385.865212,    1641581566.113902,    180.24869227409363,    603,    529,    308,    307,    95
24,    24,    192,    0.0015,    666b/s,    35000,    8960000,    457,    387,    84%,    1641581566.114154,    1641581746.421955,    180.30780291557312,    456,    549,    377,    375,    95
24,    24,    256,    0.0015,    666b/s,    35000,    11200000,    360,    283,    78%,    1641581746.422174,    1641581926.5531578,    180.1309850215912,    359,    502,    377,    377,    95
24,    24,    320,    0.0015,    666b/s,    35000,    13440000,    299,    221,    73%,    1641581926.553395,    1641582106.966948,    180.4135549068451,    298,    470,    372,    372,    95
24,    24,    384,    0.0015,    666b/s,    35000,    15680000,    257,    202,    78%,    1641582106.967175,    1641582287.184205,    180.21703100204468,    256,    502,    412,    410,    95
24,    24,    448,    0.0015,    666b/s,    35000,    17920000,    226,    166,    73%,    1641582287.184427,    1641582468.5197198,    181.33529496192932,    225,    468,    395,    395,    95
24,    24,    512,    0.0015,    666b/s,    35000,    20160000,    199,    136,    68%,    1641582468.524554,    1641582648.536042,    180.01148891448975,    198,    435,    374,    374,    95
24,    24,    640,    0.0015,    666b/s,    35000,    24640000,    156,    92,    58%,    1641582648.536268,    1641582829.224307,    180.68804097175598,    155,    358,    317,    317,    95
24,    24,    768,    0.0015,    666b/s,    35000,    29120000,    135,    82,    60%,    1641582829.2245839,    1641583010.2934668,    181.06888508796692,    134,    376,    340,    340,    95
24,    24,    896,    0.0015,    666b/s,    35000,    33600000,    110,    53,    48%,    1641583010.293698,    1641583190.4369862,    180.1432888507843,    109,    282,    258,    258,    95
24,    24,    1024,    0.0015,    666b/s,    35000,    38080000,    95,    43,    45%,    1641583190.437244,    1641583370.723823,    180.2865800857544,    94,    259,    240,    240,    95
24,    24,    32,    0.0015,    666b/s,    35000,    3360000,    1239,    1165,    94%,    1641583370.734622,    1641583550.744601,    180.00998091697693,    1237,    621,    103,    49,    95
24,    24,    64,    0.0015,    666b/s,    35000,    4480000,    924,    849,    91%,    1641583550.744831,    1641583730.863481,    180.11865091323853,    922,    603,    226,    226,    95
24,    24,    128,    0.0015,    666b/s,    35000,    6720000,    608,    536,    88%,    1641583730.8637178,    1641583911.015179,    180.15146231651306,    607,    571,    333,    332,    95
24,    24,    192,    0.0015,    666b/s,    35000,    8960000,    456,    352,    77%,    1641583911.015414,    1641584091.280936,    180.26552295684814,    455,    499,    343,    343,    95
24,    24,    256,    0.0015,    666b/s,    35000,    11200000,    359,    276,    76%,    1641584091.281204,    1641584271.3798358,    180.0986340045929,    358,    490,    367,    367,    95
24,    24,    320,    0.0015,    666b/s,    35000,    13440000,    297,    226,    76%,    1641584271.380068,    1641584451.8265102,    180.44644379615784,    296,    480,    380,    380,    95
24,    24,    384,    0.0015,    666b/s,    35000,    15680000,    252,    187,    74%,    1641584451.8267431,    1641584632.023097,    180.19635581970215,    251,    464,    381,    381,    95
24,    24,    448,    0.0015,    666b/s,    35000,    17920000,    227,    179,    78%,    1641584632.023329,    1641584812.617195,    180.59386706352234,    226,    507,    428,    428,    95
24,    24,    512,    0.0015,    666b/s,    35000,    20160000,    196,    127,    64%,    1641584812.617429,    1641584993.305391,    180.68796300888062,    195,    404,    348,    348,    95
24,    24,    640,    0.0015,    666b/s,    35000,    24640000,    159,    89,    55%,    1641584993.3056378,    1641585173.997898,    180.69226121902466,    158,    346,    307,    307,    95
24,    24,    768,    0.0015,    666b/s,    35000,    29120000,    131,    72,    54%,    1641585174.001813,    1641585355.107838,    181.10602593421936,    130,    330,    298,    298,    95
24,    24,    896,    0.0015,    666b/s,    35000,    33600000,    112,    68,    60%,    1641585355.108059,    1641585535.222657,    180.11459922790527,    111,    362,    332,    332,    95
24,    24,    1024,    0.0015,    666b/s,    35000,    38080000,    93,    47,    50%,    1641585535.222871,    1641585716.664551,    181.44168186187744,    92,    281,    261,    261,    95
24,    24,    32,    0.0015,    666b/s,    35000,    3360000,    1225,    1143,    93%,    1641585716.664864,    1641585896.709802,    180.044939994812,    1223,    609,    101,    49,    95
24,    24,    64,    0.0015,    666b/s,    35000,    4480000,    924,    842,    91%,    1641585896.7100291,    1641586076.796246,    180.08621883392334,    922,    598,    224,    224,    95
24,    24,    128,    0.0015,    666b/s,    35000,    6720000,    613,    528,    86%,    1641586076.796458,    1641586256.947567,    180.15111088752747,    612,    562,    328,    328,    95
24,    24,    192,    0.0015,    666b/s,    35000,    8960000,    452,    386,    85%,    1641586256.947834,    1641586437.181123,    180.2332911491394,    451,    548,    376,    375,    95
24,    24,    256,    0.0015,    666b/s,    35000,    11200000,    360,    271,    75%,    1641586437.1813629,    1641586617.356462,    180.1751012802124,    359,    481,    360,    360,    95
24,    24,    320,    0.0015,    666b/s,    35000,    13440000,    296,    226,    76%,    1641586617.358463,    1641586797.763,    180.40453815460205,    295,    481,    380,    379,    95
24,    24,    384,    0.0015,    666b/s,    35000,    15680000,    254,    200,    78%,    1641586797.763239,    1641586977.980809,    180.21757221221924,    253,    497,    408,    408,    95
24,    24,    448,    0.0015,    666b/s,    35000,    17920000,    222,    155,    69%,    1641586977.981029,    1641587158.602886,    180.62185883522034,    221,    439,    370,    370,    95
24,    24,    512,    0.0015,    666b/s,    35000,    20160000,    199,    141,    70%,    1641587158.6030972,    1641587339.2829351,    180.67983984947205,    198,    449,    387,    387,    95
24,    24,    640,    0.0015,    666b/s,    35000,    24640000,    157,    96,    61%,    1641587339.2831528,    1641587519.971174,    180.68802213668823,    156,    374,    331,    331,    95
24,    24,    768,    0.0015,    666b/s,    35000,    29120000,    134,    75,    55%,    1641587519.971393,    1641587701.048494,    181.07710313796997,    133,    344,    311,    311,    95
24,    24,    896,    0.0015,    666b/s,    35000,    33600000,    115,    66,    57%,    1641587701.0533602,    1641587881.1796548,    180.12629580497742,    114,    351,    322,    322,    95
24,    24,    1024,    0.0015,    666b/s,    35000,    38080000,    95,    40,    42%,    1641587881.17987,    1641588062.482348,    181.30247926712036,    94,    240,    222,    222,    95
24,    24,    32,    0.0015,    666b/s,    35000,    3360000,    1239,    1179,    95%,    1641588062.482631,    1641588242.572598,    180.0899691581726,    1237,    628,    104,    49,    95
24,    24,    64,    0.0015,    666b/s,    35000,    4480000,    915,    830,    90%,    1641588242.572844,    1641588422.656776,    180.0839340686798,    913,    589,    221,    221,    95
24,    24,    128,    0.0015,    666b/s,    35000,    6720000,    605,    517,    85%,    1641588422.6570072,    1641588602.802217,    180.14521074295044,    604,    551,    321,    320,    95
24,    24,    192,    0.0015,    666b/s,    35000,    8960000,    457,    382,    83%,    1641588602.802439,    1641588783.043862,    180.24142503738403,    456,    542,    373,    373,    95
24,    24,    256,    0.0015,    666b/s,    35000,    11200000,    362,    293,    80%,    1641588783.044091,    1641588963.203808,    180.1597180366516,    361,    520,    390,    390,    95
24,    24,    320,    0.0015,    666b/s,    35000,    13440000,    295,    215,    72%,    1641588963.204095,    1641589143.625786,    180.42169189453125,    294,    457,    362,    360,    95
24,    24,    384,    0.0015,    666b/s,    35000,    15680000,    255,    186,    72%,    1641589143.626007,    1641589323.8429482,    180.2169427871704,    254,    462,    379,    379,    95
24,    24,    448,    0.0015,    666b/s,    35000,    17920000,    222,    157,    70%,    1641589323.843183,    1641589504.4901838,    180.64700198173523,    221,    444,    375,    375,    95
24,    24,    512,    0.0015,    666b/s,    35000,    20160000,    194,    129,    66%,    1641589504.499539,    1641589685.149754,    180.65021586418152,    193,    411,    354,    354,    95
24,    24,    640,    0.0015,    666b/s,    35000,    24640000,    160,    102,    63%,    1641589685.149993,    1641589865.837994,    180.6880030632019,    159,    397,    352,    352,    95
24,    24,    768,    0.0015,    666b/s,    35000,    29120000,    132,    64,    48%,    1641589865.838846,    1641590046.874393,    181.03554821014404,    131,    294,    265,    265,    95
24,    24,    896,    0.0015,    666b/s,    35000,    33600000,    114,    58,    50%,    1641590046.8746188,    1641590227.02191,    180.14729237556458,    113,    309,    283,    283,    95
24,    24,    1024,    0.0015,    666b/s,    35000,    38080000,    95,    51,    53%,    1641590227.022112,    1641590408.308073,    181.28596305847168,    94,    306,    283,    283,    95
24,    24,    32,    0.0015,    666b/s,    35000,    3360000,    1236,    1166,    94%,    1641590408.308297,    1641590588.3738081,    180.0655128955841,    1234,    621,    103,    49,    95
24,    24,    64,    0.0015,    666b/s,    35000,    4480000,    923,    844,    91%,    1641590588.374037,    1641590768.4518259,    180.07779097557068,    921,    599,    224,    224,    95
24,    24,    128,    0.0015,    666b/s,    35000,    6720000,    607,    517,    85%,    1641590768.452111,    1641590948.620362,    180.16825199127197,    606,    550,    321,    321,    95
24,    24,    192,    0.0015,    666b/s,    35000,    8960000,    454,    390,    85%,    1641590948.622397,    1641591128.865628,    180.24323296546936,    453,    553,    380,    380,    95
24,    24,    256,    0.0015,    666b/s,    35000,    11200000,    364,    287,    78%,    1641591128.865877,    1641591309.003041,    180.13716626167297,    363,    509,    382,    382,    95
24,    24,    320,    0.0015,    666b/s,    35000,    13440000,    300,    237,    79%,    1641591309.003288,    1641591489.4230368,    180.41975092887878,    299,    504,    399,    399,    95
24,    24,    384,    0.0015,    666b/s,    35000,    15680000,    254,    190,    74%,    1641591489.425771,    1641591669.689273,    180.263503074646,    253,    472,    387,    387,    95
24,    24,    448,    0.0015,    666b/s,    35000,    17920000,    225,    172,    76%,    1641591669.689495,    1641591850.320134,    180.63063979148865,    224,    487,    411,    408,    95
24,    24,    512,    0.0015,    666b/s,    35000,    20160000,    193,    124,    64%,    1641591850.3228018,    1641592031.016536,    180.69373631477356,    192,    395,    340,    340,    95
24,    24,    640,    0.0015,    666b/s,    35000,    24640000,    160,    99,    61%,    1641592031.016762,    1641592211.700667,    180.68390679359436,    159,    385,    341,    341,    95
24,    24,    768,    0.0015,    666b/s,    35000,    29120000,    137,    79,    57%,    1641592211.7070878,    1641592392.773957,    181.06687021255493,    136,    363,    328,    323,    95
24,    24,    896,    0.0015,    666b/s,    35000,    33600000,    118,    62,    52%,    1641592392.7741702,    1641592572.880574,    180.10640478134155,    117,    330,    302,    302,    95
24,    24,    1024,    0.0015,    666b/s,    35000,    38080000,    95,    42,    44%,    1641592572.8807878,    1641592754.379736,    181.4989492893219,    94,    251,    233,    233,    95





8,    24,    256,    0.0015,    666b/s,    35000,    10640000,    381,    299,    78%,    1641592754.3800051,    1641592934.637844,    180.2578399181366,    380,    504,    398,    398,    95
16,    24,    256,    0.0015,    666b/s,    35000,    10920000,    374,    301,    80%,    1641592934.6381052,    1641593114.96578,    180.3276767730713,    373,    520,    400,    397,    95
24,    24,    256,    0.0015,    666b/s,    35000,    11200000,    356,    270,    75%,    1641593114.9677691,    1641593295.0559611,    180.0881929397583,    355,    479,    359,    359,    95
32,    24,    256,    0.0015,    666b/s,    35000,    11480000,    350,    269,    76%,    1641593295.0561962,    1641593475.35921,    180.30301475524902,    349,    489,    358,    356,    95
40,    24,    256,    0.0015,    666b/s,    35000,    11760000,    343,    267,    77%,    1641593475.3594959,    1641593655.431299,    180.07180428504944,    342,    498,    355,    355,    95
48,    24,    256,    0.0015,    666b/s,    35000,    12040000,    333,    262,    78%,    1641593655.43153,    1641593835.6257448,    180.19421696662903,    332,    500,    348,    348,    95
64,    24,    256,    0.0015,    666b/s,    35000,    12600000,    322,    258,    80%,    1641593835.6259809,    1641594016.023079,    180.39709901809692,    321,    514,    343,    340,    95
8,    24,    256,    0.0015,    666b/s,    35000,    10640000,    379,    296,    78%,    1641594016.023353,    1641594196.3140512,    180.29069995880127,    378,    499,    394,    394,    95
16,    24,    256,    0.0015,    666b/s,    35000,    10920000,    353,    213,    60%,    1641594196.316022,    1641594376.4821608,    180.16616988182068,    352,    368,    283,    283,    95



24,    24,    256,    0.0015,    666b/s,    35000,    11200000,    148,    113,    76%,    1641729181.6728058,    1641729277.174784,    95.5019793510437,    147,    378,    283,    281,    95
24,    24,    256,    0.0005,    2000b/s,    35000,    11200000,    256,    12,    4%,    1641729429.194897,    1641729523.599688,    94.40479302406311,    255,    40,    30,    30,    95
24,    24,    256,    0.001,    1000b/s,    35000,    11200000,    186,    97,    52%,    1641729713.257217,    1641729864.75927,    151.50205492973328,    185,    204,    153,    153,    95
24,    24,    256,    0.001,    1000b/s,    35000,    11200000,    2,    0,    0%,    1641730170.768723,    1641730261.255027,    90.48630595207214,    1,    0,    0,    0,    95
24,    24,    256,    0.002,    500b/s,    35000,    11200000,    127,    121,    95%,    1641730626.141168,    1641730718.8710048,    92.72983884811401,    126,    417,    313,    313,    95


8,    24,    256,    0.002,    500b/s,    35000,    10640000,    265,    241,    90%,    1641730932.777258,    1641731112.9438798,    180.16662406921387,    264,    406,    321,    321,    95
16,    24,    256,    0.002,    500b/s,    35000,    10920000,    250,    220,    88%,    1641731112.945931,    1641731293.025842,    180.07991290092468,    249,    381,    293,    293,    95
24,    24,    256,    0.002,    500b/s,    35000,    11200000,    239,    211,    88%,    1641731293.026124,    1641731473.1206331,    180.0945107936859,    238,    374,    281,    281,    95
32,    24,    256,    0.002,    500b/s,    35000,    11480000,    238,    212,    89%,    1641731473.120967,    1641731653.262799,    180.1418330669403,    237,    386,    282,    282,    95
40,    24,    256,    0.002,    500b/s,    35000,    11760000,    222,    194,    87%,    1641731653.263068,    1641731833.288176,    180.02510905265808,    221,    362,    258,    258,    95
48,    24,    256,    0.002,    500b/s,    35000,    12040000,    214,    181,    84%,    1641731833.288436,    1641732013.6527958,    180.36436200141907,    213,    345,    240,    240,    95
64,    24,    256,    0.002,    500b/s,    35000,    12600000,    221,    200,    90%,    1641732013.6549308,    1641732193.927283,    180.27235317230225,    220,    399,    266,    266,    95
8,    24,    256,    0.002,    500b/s,    35000,    10640000,    242,    198,    81%,    1641732193.9276202,    1641732374.4190102,    180.49139189720154,    241,    333,    263,    261,    95
16,    24,    256,    0.002,    500b/s,    35000,    10920000,    238,    196,    82%,    1641732374.419269,    1641732554.45177,    180.03250169754028,    237,    339,    261,    261,    95
24,    24,    256,    0.002,    500b/s,    35000,    11200000,    253,    230,    90%,    1641732554.4520051,    1641732734.898283,    180.446280002594,    252,    407,    305,    305,    95
32,    24,    256,    0.002,    500b/s,    35000,    11480000,    248,    230,    92%,    1641732734.89851,    1641732915.446254,    180.54774618148804,    247,    417,    305,    305,    95
40,    24,    256,    0.002,    500b/s,    35000,    11760000,    213,    181,    84%,    1641732915.448283,    1641733095.936733,    180.48845195770264,    212,    336,    240,    240,    95
48,    24,    256,    0.002,    500b/s,    35000,    12040000,    241,    228,    94%,    1641733095.937006,    1641733276.299299,    180.36229419708252,    240,    434,    303,    303,    95
64,    24,    256,    0.002,    500b/s,    35000,    12600000,    216,    196,    90%,    1641733276.29955,    1641733456.725235,    180.42568683624268,    215,    391,    260,    260,    95
8,    24,    256,    0.002,    500b/s,    35000,    10640000,    279,    267,    95%,    1641733456.725457,    1641733636.999796,    180.2743411064148,    278,    450,    355,    355,    95
16,    24,    256,    0.002,    500b/s,    35000,    10920000,    255,    235,    92%,    1641733637.000052,    1641733817.037072,    180.03702187538147,    254,    407,    313,    313,    95
24,    24,    256,    0.002,    500b/s,    35000,    11200000,    248,    221,    89%,    1641733817.037322,    1641733998.052748,    181.01542806625366,    247,    390,    293,    293,    95
32,    24,    256,    0.002,    500b/s,    35000,    11480000,    248,    227,    91%,    1641733998.053073,    1641734180.678101,    182.62502908706665,    247,    407,    298,    297,    95
40,    24,    256,    0.002,    500b/s,    35000,    11760000,    226,    204,    90%,    1641734180.6783319,    1641734360.8340669,    180.15573811531067,    225,    380,    271,    271,    95
48,    24,    256,    0.002,    500b/s,    35000,    12040000,    210,    181,    86%,    1641734360.8362901,    1641734542.828634,    181.99234676361084,    209,    342,    238,    238,    95
64,    24,    256,    0.002,    500b/s,    35000,    12600000,    210,    189,    90%,    1641734542.828911,    1641734723.385659,    180.5567488670349,    209,    376,    251,    249,    95
8,    24,    256,    0.002,    500b/s,    35000,    10640000,    248,    209,    84%,    1641734723.385911,    1641734903.938692,    180.55278301239014,    247,    351,    277,    277,    95
16,    24,    256,    0.002,    500b/s,    35000,    10920000,    232,    190,    81%,    1641734903.938926,    1641735084.2583091,    180.3193838596344,    231,    328,    252,    252,    95
24,    24,    256,    0.002,    500b/s,    35000,    11200000,    227,    174,    76%,    1641735084.2585542,    1641735265.192158,    180.93360567092896,    226,    307,    230,    228,    95
32,    24,    256,    0.002,    500b/s,    35000,    11480000,    202,    162,    80%,    1641735265.192342,    1641735445.6104991,    180.4181580543518,    201,    294,    215,    215,    95
40,    24,    256,    0.002,    500b/s,    35000,    11760000,    212,    176,    83%,    1641735445.610861,    1641735626.0401988,    180.42933988571167,    211,    327,    234,    234,    95
48,    24,    256,    0.002,    500b/s,    35000,    12040000,    197,    161,    81%,    1641735626.040448,    1641735806.593312,    180.55286502838135,    196,    306,    214,    214,    95
64,    24,    256,    0.002,    500b/s,    35000,    12600000,    237,    225,    94%,    1641735806.593547,    1641735987.6582341,    181.06468772888184,    236,    447,    298,    296,    95
8,    24,    256,    0.002,    500b/s,    35000,    10640000,    273,    259,    94%,    1641735987.6584709,    1641736167.928837,    180.27036809921265,    272,    436,    344,    344,    95
16,    24,    256,    0.002,    500b/s,    35000,    10920000,    279,    271,    97%,    1641736167.929266,    1641736347.97798,    180.04871487617493,    278,    469,    361,    361,    95
24,    24,    256,    0.002,    500b/s,    35000,    11200000,    255,    242,    94%,    1641736347.9782112,    1641736528.139224,    180.16101384162903,    254,    429,    322,    321,    95
32,    24,    256,    0.002,    500b/s,    35000,    11480000,    257,    250,    97%,    1641736528.139474,    1641736708.793241,    180.65376830101013,    256,    453,    332,    332,    95
40,    24,    256,    0.002,    500b/s,    35000,    11760000,    243,    236,    97%,    1641736708.793443,    1641736890.516734,    181.72329306602478,    242,    436,    311,    310,    95
48,    24,    256,    0.002,    500b/s,    35000,    12040000,    248,    236,    95%,    1641736890.516972,    1641737070.5239968,    180.00702691078186,    247,    451,    314,    314,    95
64,    24,    256,    0.002,    500b/s,    35000,    12600000,    231,    226,    97%,    1641737070.5242372,    1641737254.7001889,    184.1759548187256,    230,    441,    294,    294,    95


24,    24,    256,    0.004,    250b/s,    35000,    11200000,    173,    164,    94%,    1641739176.170601,    1641739416.394043,    240.22344303131104,    172,    218,    163,    163,    95
24,    24,    256,    0.003,    333b/s,    35000,    11200000,    205,    176,    85%,    1641739588.081888,    1641739832.2950358,    244.21315002441406,    204,    230,    172,    171,    95
24,    24,    256,    0.002,    500b/s,    35000,    11200000,    319,    277,    86%,    1641740016.123106,    1641740256.197653,    240.07454895973206,    318,    369,    276,    276,    95
24,    24,    256,    0.0018,    555b/s,    35000,    11200000,    365,    322,    88%,    1641740800.676358,    1641741040.890739,    240.21438312530518,    364,    428,    321,    321,    95
24,    24,    256,    0.0015,    666b/s,    35000,    11200000,    389,    284,    73%,    1641741058.891362,    1641741299.000767,    240.10940718650818,    388,    378,    283,    283,    95
24,    24,    256,    0.0013,    769b/s,    35000,    11200000,    447,    275,    61%,    1641741321.099187,    1641741561.120894,    240.0217092037201,    446,    366,    274,    271,    95
24,    24,    256,    0.001,    1000b/s,    35000,    11200000,    540,    254,    47%,    1641741581.0946748,    1641741830.9449668,    249.85029315948486,    539,    325,    243,    242,    95
24,    24,    256,    0.0005,    2000b/s,    35000,    11200000,    1346,    191,    14%,    1641741858.151412,    1641742102.067384,    243.91597318649292,    1345,    250,    187,    183,    95
24,    24,    256,    0.0008,    1250b/s,    35000,    11200000,    735,    412,    56%,    1641742120.8570418,    1641742362.413973,    241.55693316459656,    734,    545,    409,    409,    95
24,    24,    256,    0.0008,    1250b/s,    35000,    11200000,    924,    0,    0%,    1641742382.3850791,    1641742622.6170392,    240.23196172714233,    923,    0,    0,    0,    95